number,title,user,created_at,closed_at,merged,labels,turnaround_hours
1318,[develop] Adding two new FAQs to UG,jdkublnick,2025-08-27 18:39:38+00:00,2025-08-28 12:48:04+00:00,True,['documentation'],18.14
1310,[Develop] Quick link fix to resolve build errors,jdkublnick,2025-07-24 17:55:59+00:00,2025-07-25 17:17:36+00:00,True,['documentation'],23.36
1309,[develop] Updating GFSv17_p8 field table for AQMv8 chemical tracers.,drnimbusrain,2025-07-24 15:24:08+00:00,2025-07-25 17:06:10+00:00,True,"['enhancement', 'run_we2e_coverage_tests']",25.7
1307,[develop] Updating we2e script in documentation and updating Quickstart chapter. ,jdkublnick,2025-07-14 18:55:55+00:00,2025-07-17 20:49:08+00:00,True,[],73.89
1306,"[develop] Update weather model and UPP hashes, cleanup CODEOWNERS file",MichaelLueken,2025-07-14 17:38:46+00:00,2025-07-17 20:16:04+00:00,True,['run_we2e_coverage_tests'],74.62
1303,"Revert ""[develop] feat: AQMv8 support""",MichaelLueken,2025-06-23 19:37:19+00:00,2025-06-23 19:44:48+00:00,False,[],0.12
1299,"[develop] Update Hera with new disks (scratch{1,2} - scratch{3,4})",RatkoVasic-NOAA,2025-06-13 23:38:24+00:00,2025-06-18 18:01:22+00:00,True,['run_we2e_coverage_tests'],114.38
1297,[Develop] Quick link updates to ensure PRs build correctly,jdkublnick,2025-05-29 17:37:39+00:00,2025-05-29 18:39:12+00:00,True,['documentation'],1.03
1295,[develop] Remove &namsfc namelist from FV3 input.nml and remove ush/set_fv3nml_sfc_climo_filenames.py from the workflow generation,MichaelLueken,2025-05-29 16:56:03+00:00,2025-07-14 14:49:40+00:00,True,['run_we2e_coverage_tests'],1101.89
1294,[develop] feat: AQMv8 support,benkozi,2025-05-23 16:56:06+00:00,2025-06-23 19:34:19+00:00,True,"['enhancement', 'run_we2e_coverage_tests']",746.64
1291,[develop] Update Technical FAQs,selbigmtnwx23,2025-05-15 22:53:51+00:00,2025-06-17 12:51:43+00:00,True,['documentation'],781.96
1290,[develop] fix: pin click to avoid typer failures,benkozi,2025-05-12 16:57:26+00:00,2025-05-13 17:06:13+00:00,True,['bug'],24.15
1289,[release/public-v3.0.0] feat: port SD documentation from develop,benkozi,2025-05-12 15:15:58+00:00,2025-05-12 19:28:37+00:00,True,[],4.21
1288,[develop] Remove the <exclusive> flags from aqm_prep.yaml and plot.yaml,MichaelLueken,2025-05-02 13:46:29+00:00,2025-05-15 13:34:23+00:00,True,"['bug', 'run_we2e_coverage_tests']",311.8
1287,[develop] feat: add UFS-Fire to integration test task,benkozi,2025-04-30 14:56:46+00:00,2025-05-01 22:24:33+00:00,True,"['enhancement', 'Priority: medium']",31.46
1286,[develop] Fix for issue 1285,mkavulich,2025-04-29 22:36:54+00:00,2025-06-20 17:20:20+00:00,False,[],1242.72
1281,[develop] Updating Develop documentation with applicable changes from v3.0.0 release,jdkublnick,2025-04-25 16:03:10+00:00,2025-07-07 16:57:44+00:00,True,['documentation'],1752.91
1278,[develop] fix: adjust fire config for uwtools integration,benkozi,2025-04-23 15:52:05+00:00,2025-04-30 14:08:22+00:00,True,"['bug', 'Priority: medium']",166.27
1273,[develop] feat: history files can be written to FV3 native grid,benkozi,2025-04-18 14:22:37+00:00,2025-04-28 13:15:00+00:00,True,['enhancement'],238.87
1270,[develop] feat: misc smoke/dust updates following stakeholder feedback,benkozi,2025-04-14 16:45:14+00:00,2025-04-23 14:09:08+00:00,True,"['enhancement', 'Priority: medium']",213.4
1269,[develop] fix: explicitly set conda path,benkozi,2025-04-14 15:31:28+00:00,2025-04-29 15:23:37+00:00,False,"['bug', 'Priority: low']",359.87
1266,[release/public-v3.0.0] Added CCPP updates to RTD index so it tracks,jdkublnick,2025-04-09 17:55:15+00:00,2025-04-09 18:06:31+00:00,True,[],0.19
1264,[develop] Update build_gaeac5_intel.lua to allow SRW App to compile on Gaea C5,MichaelLueken,2025-04-07 15:20:35+00:00,2025-04-21 13:52:01+00:00,True,"['bug', 'Priority: HIGH', 'run_we2e_coverage_tests']",334.52
1263,[release/public-v3.0.0] Final Updates to Release Branch,jdkublnick,2025-04-07 15:00:13+00:00,2025-04-09 17:06:04+00:00,True,"['documentation', 'release']",50.1
1262,[release/public-v3.0.0] Correct build issue on Gaea C5 and C6 for the release branch,MichaelLueken,2025-04-07 13:52:24+00:00,2025-04-07 19:27:08+00:00,True,"['bug', 'release']",5.58
1261,Hotfix for Gaea-C6,RatkoVasic-NOAA,2025-04-04 19:07:34+00:00,2025-04-04 19:26:52+00:00,True,['bug'],0.32
1260,[develop] Update ufs-weather-model hash to fix sigmab errors in GNU compilers,natalie-perlin,2025-04-01 17:40:37+00:00,2025-06-23 19:42:38+00:00,False,['bug'],1994.03
1259,"[develop] Add checks for correct SPP settings for the selected CCPP suite, resolve four more issues",mkavulich,2025-04-01 17:25:57+00:00,2025-04-29 14:03:17+00:00,True,['run_we2e_coverage_tests'],668.62
1257,[release/public-v3.0.0] Update to data locations to point to release 3.0 directory,selbigmtnwx23,2025-03-28 19:06:10+00:00,2025-04-07 18:40:26+00:00,True,"['documentation', 'release']",239.57
1256,[develop] feat: add FIXaqmcanopy configuration option,benkozi,2025-03-28 17:40:37+00:00,2025-04-23 14:09:49+00:00,True,"['enhancement', 'Priority: medium']",620.49
1255,Update to data locations,selbigmtnwx23,2025-03-28 17:18:11+00:00,2025-03-28 17:36:12+00:00,False,[],0.3
1253,[release/public-v3.0.0] set OMP_NUM_THREADS_RUN_FCST: 1 for noaacloud platforms,natalie-perlin,2025-03-24 14:56:49+00:00,2025-03-26 14:49:45+00:00,True,['release'],47.88
1252,[release/public-v3.0.0]: Update Background Information Chapter,gspetro-NOAA,2025-03-23 05:05:28+00:00,2025-03-27 17:34:19+00:00,True,"['documentation', 'release']",108.48
1250,[develop] feat: doc updates around ebb_dcycle and dust_option,benkozi,2025-03-21 19:51:23+00:00,2025-03-25 13:36:30+00:00,True,['documentation'],89.75
1249,[release/public-v3.0.0] fix: misc smoke/dust updates following stakeholder feedback,benkozi,2025-03-21 19:46:09+00:00,2025-03-25 13:22:49+00:00,True,"['bug', 'documentation', 'enhancement', 'release', 'run_we2e_coverage_tests']",89.61
1248,[release/public-v3.0.0] Introduce two improvements in setup.py to fix problems with workflow generation,MichaelLueken,2025-03-21 13:02:41+00:00,2025-03-28 16:09:44+00:00,True,"['bug', 'release', 'run_we2e_coverage_tests']",171.12
1247,[release/public-v3.0.0] fix: grid indexing match for pregenerated weight files and fill value disconnect,benkozi,2025-03-20 00:05:48+00:00,2025-03-21 19:44:37+00:00,False,['bug'],43.65
1246,[develop] Add fixed locations for AQM and fix typos in the job scripts,lwcugb,2025-03-19 14:17:12+00:00,2025-05-28 15:40:25+00:00,True,[],1681.39
1245,[develop] feat: MPAS smoke/dust preprocessor regridding support,benkozi,2025-03-19 13:35:58+00:00,2025-03-26 17:33:20+00:00,False,['enhancement'],171.96
1244,[develop] Fix for Issue 1243,mkavulich,2025-03-19 02:32:47+00:00,2025-03-21 12:53:12+00:00,True,['run_we2e_coverage_tests'],58.34
1242,[develop] Adding AQM modulefiles/tasks for Gaea C5 and C6.,drnimbusrain,2025-03-14 13:32:07+00:00,2025-04-10 15:46:19+00:00,False,[],650.24
1240,[release/public-v3.0.0] Updating Customizing the Workflow chapter,jdkublnick,2025-03-12 20:11:50+00:00,2025-03-27 16:46:53+00:00,True,"['documentation', 'release']",356.58
1237,"[release/public-v3.0.0] Better field/diag_table handling, enable FV3_HRRR_gf suite for non-smoke/dust cases, update test suites",MichaelLueken,2025-03-11 13:42:18+00:00,2025-03-12 18:13:57+00:00,True,"['bug', 'release']",28.53
1236,[release/public-v3.0.0] Update paths to release data,EdwardSnyder-NOAA,2025-03-10 14:57:09+00:00,2025-03-19 18:44:26+00:00,True,"['release', 'run_we2e_coverage_tests']",219.79
1235,[release/public-v3.0.0] Bug fixes for verification tasks,MichaelLueken,2025-03-10 13:55:54+00:00,2025-03-11 12:45:11+00:00,True,"['bug', 'release']",22.82
1234,[release/public-v3.0.0] Updating documentation ahead of v3.0.0 release,jdkublnick,2025-03-08 21:25:36+00:00,2025-03-20 19:51:19+00:00,True,"['documentation', 'release']",286.43
1231,"[develop] Better field/diag_table handling, enable FV3_HRRR_gf suite for non-smoke/dust cases, update test suites",mkavulich,2025-03-07 17:09:25+00:00,2025-03-11 12:56:13+00:00,True,['run_we2e_coverage_tests'],91.78
1230,[release/public-v3.0.0] Force cycle to be decimal integer,MichaelLueken,2025-03-07 14:39:15+00:00,2025-03-07 15:21:30+00:00,True,[],0.7
1226,[develop]: Tutorial using publicly available data and new grid to forecast 2025 Gulf Coast Blizzard,gspetro-NOAA,2025-03-06 05:18:25+00:00,2025-03-17 20:39:11+00:00,True,[],279.35
1224,[develop] Bug fixes for verification tasks,mkavulich,2025-03-06 02:28:45+00:00,2025-03-10 13:06:35+00:00,True,['run_we2e_coverage_tests'],106.63
1221,[develop] feat: update SRW-SD docs,benkozi,2025-03-03 22:26:00+00:00,2025-03-19 16:56:41+00:00,True,['documentation'],378.51
1213,[develop] Fix cycle being treated as octal integer,LiamWedell-NOAA,2025-02-27 18:36:19+00:00,2025-03-07 13:50:16+00:00,True,['run_we2e_coverage_tests'],187.23
1210,[production/AQM.v7] Update production/AQM.v7,JianpingHuang-NOAA,2025-02-25 18:42:25+00:00,2025-02-25 20:24:28+00:00,True,[],1.7
1206,[develop] Doc test bug fixes,gspetro-NOAA,2025-02-20 22:12:40+00:00,2025-02-21 13:50:53+00:00,True,[],15.64
1204,[develop] Integrate uwtools into the config layer,christinaholtNOAA,2025-02-18 15:55:53+00:00,2025-04-15 20:16:11+00:00,True,['run_we2e_coverage_tests'],1348.34
1202,"[develop] Removed all GFDLgrid configuration parameters, predefined grids, and WE2E tests",MichaelLueken,2025-02-14 17:27:47+00:00,2025-03-20 13:25:12+00:00,True,['run_we2e_coverage_tests'],811.96
1201,[develop:] Add the RRFS_SaS physics suite to SRW options,natalie-perlin,2025-02-14 14:48:15+00:00,2025-03-06 14:00:06+00:00,True,"['release', 'Priority: HIGH', 'run_we2e_coverage_tests', 'run_we2e_jenkins_coverage_tests']",479.2
1200,[develop] Add NOAA Cloud coverage tests and skill-score WE2E to all coverage suites,EdwardSnyder-NOAA,2025-02-13 15:02:42+00:00,2025-04-23 19:09:14+00:00,True,['run_we2e_coverage_tests'],1660.11
1199,"[develop:] Updated UFS_UTILS, ufs-weather-model hashes; use of new sfc_data.nc format (v2) for the FV3atm",natalie-perlin,2025-02-13 14:53:34+00:00,2025-02-27 17:52:32+00:00,False,[],338.98
1198,[develop] Adding METplus tutorial to Halloween Storm,jdkublnick,2025-02-13 06:46:49+00:00,2025-03-14 14:42:46+00:00,True,['documentation'],703.93
1195,[develop] Update weather model hash to 8933749 (February 19) and add smoke/dust WE2E test to testing suites,MichaelLueken,2025-02-07 16:17:00+00:00,2025-02-21 22:02:38+00:00,True,['run_we2e_coverage_tests'],341.76
1193,[develop] Update to AQM chapter of SRW documentation,selbigmtnwx23,2025-02-05 19:52:19+00:00,2025-02-20 17:18:10+00:00,False,[],357.43
1190,[develop] feat: predefined grid support for smoke/dust component,benkozi,2025-02-03 16:15:54+00:00,2025-02-26 18:32:21+00:00,True,['run_we2e_coverage_tests'],554.27
1185,[develop] Integrate smoke/dust capability of main_aqm into develop,chan-hoo,2025-01-27 23:02:33+00:00,2025-01-31 13:51:19+00:00,True,['run_we2e_coverage_tests'],86.81
1184,[develop] Update SRW reference chapter,selbigmtnwx23,2025-01-26 23:08:33+00:00,2025-02-20 16:08:06+00:00,True,[],592.99
1182,[develop] Enable two-way UFS_FIRE coupling,mkavulich,2025-01-23 00:52:04+00:00,2025-01-24 20:07:43+00:00,True,['run_we2e_coverage_tests'],43.26
1181,[main_aqm] Update hash of UFS weather model and UPP,chan-hoo,2025-01-22 14:24:51+00:00,2025-01-22 16:03:10+00:00,True,[],1.64
1180,[main_aqm] Update hash of UFS_UTILS with NOAA-EPIC branch,chan-hoo,2025-01-20 19:20:37+00:00,2025-01-21 14:43:55+00:00,True,[],19.39
1178,[develop] Update ufs-weather-model hash to 5324d64 (January 7),MichaelLueken,2025-01-16 14:59:44+00:00,2025-01-22 21:43:09+00:00,True,['run_we2e_coverage_tests'],150.72
1177,[main_aqm] Port main_aqm to Gaea-C6,chan-hoo,2025-01-13 20:11:00+00:00,2025-01-14 20:09:06+00:00,True,[],23.97
1175,[develop] Update CODEOWNERS file for new code reviewer,WeirAE,2025-01-09 19:24:53+00:00,2025-01-09 19:52:57+00:00,True,[],0.47
1174,[develop] Add smoke and dust verification,mkavulich,2025-01-08 16:23:12+00:00,2025-03-03 20:22:53+00:00,True,['run_we2e_coverage_tests'],1299.99
1172,[main_aqm] Update hash of ufs weather model and input namelist for smoke/dust,chan-hoo,2025-01-03 02:41:25+00:00,2025-01-06 23:22:25+00:00,True,['enhancement'],92.68
1170,[develop] Update SRW container docs to reflect latest container,EdwardSnyder-NOAA,2024-12-24 21:49:18+00:00,2025-02-06 14:10:45+00:00,True,['documentation'],1048.36
1169,[develop] Correct documentation issue and close out two issues,MichaelLueken,2024-12-17 20:41:17+00:00,2025-01-07 14:33:05+00:00,True,"['bug', 'enhancement', 'run_we2e_coverage_tests']",497.86
1167,[develop] [bug fix]  Adding missing Intel variable for PW Azure ,EdwardSnyder-NOAA,2024-12-10 21:13:52+00:00,2024-12-11 21:21:38+00:00,True,['bug'],24.13
1163,[develop] Port SRW to Gaea C6,RatkoVasic-NOAA,2024-12-04 17:00:28+00:00,2025-01-13 15:56:40+00:00,True,"['enhancement', 'run_we2e_jenkins_coverage_tests']",958.94
1162,[develop] Update weather model hash to November 21 and UPP hash to November 8,MichaelLueken,2024-12-02 15:25:26+00:00,2024-12-09 15:22:42+00:00,True,['run_we2e_coverage_tests'],167.95
1161,[develop] Fix Jenkins Nightly Build,EdwardSnyder-NOAA,2024-11-27 13:39:18+00:00,2024-12-02 16:41:15+00:00,True,['bug'],123.03
1160,Adding a mechanism to deal with the RAVE duplicate data files,JianpingHuang-NOAA,2024-11-26 15:45:39+00:00,2024-11-26 15:56:41+00:00,True,[],0.18
1158,[develop] Update UFS-WM hash to 11/14 version and UPP hash to 09/30 version.,MichaelLueken,2024-11-22 16:54:12+00:00,2024-11-25 14:49:31+00:00,True,['run_we2e_coverage_tests'],69.92
1157,[develop] Updating ConfigWorkflow.rst file to reflect changes to Config defaults,jdkublnick,2024-11-21 18:07:12+00:00,2024-12-10 14:52:40+00:00,True,[],452.76
1153,[main_aqm] feat: consolidate ush scripts and apply formatting,benkozi,2024-11-08 19:47:37+00:00,2024-11-14 16:58:53+00:00,True,[],141.19
1152,[develop]: Add GitHub Actions to check that Technical Docs are up-to-date,gspetro-NOAA,2024-11-07 01:49:30+00:00,2024-11-12 17:53:45+00:00,True,"['documentation', 'enhancement']",136.07
1149,[main-aqm] feat: add initial docstrings and typing support to smoke/dust ush scripts,benkozi,2024-11-04 21:45:16+00:00,2024-11-08 14:26:17+00:00,True,[],88.68
1148,[main_aqm] fix: persistence flag always evaluates to false,benkozi,2024-11-01 19:46:51+00:00,2025-02-06 16:58:28+00:00,False,[],2325.19
1146,[main_aqm] fix: esmpy segv on Orion/Hercules,benkozi,2024-10-30 15:04:29+00:00,2024-10-31 12:48:22+00:00,True,[],21.73
1143,[main_aqm] Added emissions option for persistence and fixed interpolation artifacts,JohanaRomeroAlvarez,2024-10-22 20:02:23+00:00,2024-10-24 10:35:23+00:00,True,[],38.55
1142,[develop] Fix `get_crontab_contents.py`,mkavulich,2024-10-18 17:23:04+00:00,2024-10-21 13:13:38+00:00,True,"['bug', 'run_we2e_coverage_tests']",67.84
1139,[develop] Add Community Fire Behavior Model,mkavulich,2024-10-16 04:39:43+00:00,2024-11-13 19:55:29+00:00,True,"['run_we2e_coverage_tests', 'EPIC Support Requested']",687.26
1137,[develop] Make `get_obs` tasks day-dependent in workflow; other improvements and bug fixes,gsketefian,2024-10-08 16:59:38+00:00,2024-11-18 15:55:30+00:00,True,"['bug', 'enhancement', 'run_we2e_coverage_tests']",982.93
1136,[develop] Update ufs-weather-model hash and UPP hash and use upp-addon-env spack-stack environment,MichaelLueken,2024-10-08 14:29:33+00:00,2024-11-01 14:10:04+00:00,True,['run_we2e_coverage_tests'],575.68
1135,[aqm_dev] AQM v8 with CMAQ5.4 updates ,AnnaSmoot-NOAA,2024-09-26 14:56:49+00:00,2024-12-12 18:22:50+00:00,False,[],1851.43
1134,[develop] Modify workflow to use AQMv8 (CMAQ 5.4),BrianCurtis-NOAA,2024-09-25 15:37:53+00:00,2025-07-09 14:47:52+00:00,False,"['enhancement', 'Work in Progress']",6887.17
1133,[develop]: Updated ConfigWorkflow.rst to reflect changes to config_defaults.yaml (PI13),jdkublnick,2024-09-12 20:45:41+00:00,2024-09-16 20:04:20+00:00,True,['documentation'],95.31
1131,[develop]: Update python docstrings and generate preliminary technical documentation,gspetro-NOAA,2024-09-11 18:32:46+00:00,2024-10-02 17:35:01+00:00,True,"['documentation', 'run_we2e_coverage_tests']",503.04
1129,[develop] Modulefile updates for NOAA Cloud Rocky 8 platforms,natalie-perlin,2024-09-11 14:16:35+00:00,2024-09-25 17:14:16+00:00,True,[],338.96
1128,[develop]: Add SRW-SD chapter to SRW App docs,gspetro-NOAA,2024-09-11 03:09:26+00:00,2024-11-25 20:56:23+00:00,True,['documentation'],1817.78
1127,[develop] Add smoke and dust capability,chan-hoo,2024-09-06 13:10:45+00:00,2025-01-27 18:28:46+00:00,False,[],3437.3
1124,[develop]: Adding in the tutorial for the Halloween Storm,jdkublnick,2024-08-28 13:30:25+00:00,2024-10-10 19:56:37+00:00,True,['documentation'],1038.44
1122,[production/AQM.v7] update workflow for the aqm.v7.0.8 implementation,JianpingHuang-NOAA,2024-08-23 16:01:48+00:00,2024-08-23 16:12:54+00:00,True,[],0.18
1121,[production/AQM.v7] update ecflow to support aqm.v7.0.8 implementation ,JianpingHuang-NOAA,2024-08-23 14:24:41+00:00,2024-08-23 14:48:19+00:00,True,[],0.39
1119,[production/AQM.v7] Update the workflow to support aqm.v7.0.8 implementation ,JianpingHuang-NOAA,2024-08-22 18:38:43+00:00,2024-08-22 18:42:02+00:00,True,[],0.06
1118,update workflow to support aqm.v7.0.8 implementation,JianpingHuang-NOAA,2024-08-21 15:39:37+00:00,2024-08-21 17:49:06+00:00,True,[],2.16
1117,[develop] Update ufs-weather-model hash and remove machine/modulefiles/WE2E test suites for decommissioned machines,MichaelLueken,2024-08-20 17:24:36+00:00,2024-09-20 17:00:10+00:00,True,['run_we2e_coverage_tests'],743.59
1115,[develop] Fix for SonarQube forked repo renaming failure,ankimball,2024-07-31 16:14:59+00:00,2024-09-04 13:10:19+00:00,True,"['bug', 'enhancement', 'run_we2e_coverage_tests', 'run_we2e_jenkins_coverage_tests']",836.92
1114,Jenkins Functional WorkflowTaskTests fix test,MichaelLueken,2024-07-31 15:39:45+00:00,2024-08-01 12:49:52+00:00,False,[],21.17
1110,[release/public-v2.1.0] s3 path updates,EdwardSnyder-NOAA,2024-07-23 20:31:36+00:00,2024-07-23 20:47:24+00:00,True,[],0.26
1109,[release/public-v2.2.0] s3 path updates,EdwardSnyder-NOAA,2024-07-23 19:39:34+00:00,2024-07-23 20:08:57+00:00,True,[],0.49
1108,[develop] Bugfix bonanza,gsketefian,2024-07-22 23:16:29+00:00,2024-10-08 16:58:02+00:00,False,[],1865.69
1107,Changes to scripts and modules for using a singularity container,natalie-perlin,2024-07-19 19:33:49+00:00,2024-07-19 19:36:38+00:00,True,[],0.05
1106,[aqm_dev] Changes for UFS-SRW-AQM with CMAQv5.4,drnimbusrain,2024-07-19 17:56:56+00:00,2025-07-23 00:50:19+00:00,False,[],8838.89
1104,[develop] S3 doc updates,EdwardSnyder-NOAA,2024-07-16 14:55:28+00:00,2024-08-01 16:38:20+00:00,True,[],385.71
1103,[develop]: Update requests and certifi in requirements.txt,gspetro-NOAA,2024-07-12 22:35:06+00:00,2024-07-15 16:53:25+00:00,True,[],66.31
1102,[develop] Bug fix to support the %H format in METplus via printf.,gsketefian,2024-07-09 20:05:38+00:00,2024-07-12 12:57:23+00:00,True,"['bug', 'run_we2e_coverage_tests']",64.86
1101,Bump certifi from 2024.2.2 to 2024.7.4 in /doc,dependabot[bot],2024-07-06 01:39:42+00:00,2024-07-15 16:54:25+00:00,False,"['DO_NOT_MERGE', 'dependencies', 'On Hold']",231.25
1100,[develop] Updates to devclean.sh script and plotting scripts and tasks,natalie-perlin,2024-07-03 19:47:13+00:00,2024-08-23 12:56:34+00:00,True,"['documentation', 'enhancement', 'run_we2e_coverage_tests']",1217.16
1098,[develop] Transition the var_defns bash file to YAML.,christinaholtNOAA,2024-06-18 21:30:25+00:00,2024-07-26 17:26:41+00:00,True,['run_we2e_coverage_tests'],907.94
1097,Bump urllib3 from 2.2.0 to 2.2.2 in /doc,dependabot[bot],2024-06-17 22:50:25+00:00,2024-06-18 14:13:44+00:00,True,['dependencies'],15.39
1096,[develop] Update ufs-weather-model hash and further clean the machines tested in PULL_REQUEST_TEMPLATE,MichaelLueken,2024-06-14 16:49:47+00:00,2024-08-12 13:29:41+00:00,True,['run_we2e_coverage_tests'],1412.66
1095,[develop]: Updated ConfigWorkflow.rst to reflect changes to config_defaults.yaml (PI12),jdkublnick,2024-06-13 19:14:28+00:00,2024-06-21 15:07:42+00:00,True,[],187.89
1093,[develop] Upgrade SRW to spack-stack 1.6.0 from 1.5.1,RatkoVasic-NOAA,2024-06-10 23:50:37+00:00,2024-06-21 14:59:31+00:00,True,"['enhancement', 'run_we2e_coverage_tests']",255.15
1091,[develop] Fixes for PW Jenkins Nightly Builds,EdwardSnyder-NOAA,2024-06-03 19:02:34+00:00,2024-07-30 14:15:30+00:00,True,['run_we2e_coverage_tests'],1363.22
1090,[SRW-AQM] Port SRW-AQM to Derecho,chan-hoo,2024-05-30 16:42:24+00:00,2024-06-07 12:53:51+00:00,True,['run_we2e_coverage_tests'],188.19
1089,[develop] Added an option for RRFS external model files used as ICS and LBCS,natalie-perlin,2024-05-30 15:53:59+00:00,2024-09-12 13:01:54+00:00,True,"['enhancement', 'run_we2e_coverage_tests']",2517.13
1088,[develop] Gnu/13.x compiler and spack-stack 1.5.1 use on Hera,natalie-perlin,2024-05-29 14:32:30+00:00,2024-06-06 16:14:45+00:00,False,"['enhancement', 'DO_NOT_MERGE']",193.7
1087,[develop] fix CI scripts to save logfile names that Jenkinsfile needs for pwcloud platform builds,BruceKropp-Raytheon,2024-05-28 17:38:07+00:00,2024-05-31 12:50:33+00:00,True,['run_we2e_coverage_tests'],67.21
1086,[develop] Update UFS-WM and UPP hashes,MichaelLueken,2024-05-24 20:46:14+00:00,2024-06-05 12:54:55+00:00,True,['run_we2e_coverage_tests'],280.14
1085,Bump requests from 2.31.0 to 2.32.0 in /doc,dependabot[bot],2024-05-21 07:49:08+00:00,2024-05-21 14:17:30+00:00,True,['dependencies'],6.47
1083,[develop] Update WM and UPP hashes,MichaelLueken,2024-05-10 14:22:42+00:00,2024-05-15 18:34:42+00:00,True,['run_we2e_coverage_tests'],124.2
1082,[develop] Simplify the way the configuration of the vx is handled,gsketefian,2024-05-09 15:53:28+00:00,2024-05-13 13:16:35+00:00,True,['run_we2e_coverage_tests'],93.39
1081,Add the remaining UFS Case Studies,EdwardSnyder-NOAA,2024-05-08 21:57:55+00:00,2024-05-15 13:57:11+00:00,True,['run_we2e_coverage_tests'],159.99
1080,Bump jinja2 from 3.1.3 to 3.1.4 in /doc,dependabot[bot],2024-05-06 21:18:36+00:00,2024-05-07 13:22:12+00:00,True,"['documentation', 'dependencies']",16.06
1079,[develop] Feature cicd scorecard metric ,BruceKropp-Raytheon,2024-04-24 15:13:00+00:00,2024-04-25 16:43:40+00:00,True,"['enhancement', 'run_we2e_jenkins_coverage_tests']",25.51
1078,[develop] Replace existing UW CLI with UW API calls to template,elcarpenterNOAA,2024-04-23 13:20:49+00:00,2024-04-26 14:09:16+00:00,True,['run_we2e_coverage_tests'],72.81
1077,[develop] Update nco version,RatkoVasic-NOAA,2024-04-23 00:53:34+00:00,2024-04-23 18:05:39+00:00,True,"['bug', 'Priority: HIGH', 'run_we2e_coverage_tests']",17.2
1075,[Production/AQMv7] merge the changes related to EE2 with conflicts resolved to production/AQMv7 ,JianpingHuang-NOAA,2024-04-22 13:06:35+00:00,2024-04-22 13:30:02+00:00,True,[],0.39
1074,"[develop] Update weather model hash and remove ""_vrfy"" from bash commands",MichaelLueken,2024-04-19 13:14:28+00:00,2024-04-30 12:53:57+00:00,True,['run_we2e_coverage_tests'],263.66
1072,[production/AQM.v7] Merging all the changes to address EE2 compliance issues to support AQMv7.0 implementation ,JianpingHuang-NOAA,2024-04-17 13:27:48+00:00,2024-04-22 13:21:55+00:00,False,[],119.9
1071,Bump idna from 3.6 to 3.7 in /doc,dependabot[bot],2024-04-12 04:49:46+00:00,2024-04-12 16:30:02+00:00,True,['dependencies'],11.67
1070,Upgrade to spack-stack-1.7.0,RatkoVasic-NOAA,2024-04-10 16:02:08+00:00,2025-06-11 18:26:39+00:00,False,"['enhancement', 'Work in Progress']",10250.41
1068,[develop] Update weather model hash and correct behavior in Functional WorkflowTaskTests Jenkins stage,MichaelLueken,2024-04-09 14:55:31+00:00,2024-04-15 16:17:41+00:00,True,['run_we2e_coverage_tests'],145.37
1067,[develop] Port SRW-AQM to Orion and Hercules,chan-hoo,2024-04-04 16:57:09+00:00,2024-04-08 13:01:43+00:00,True,['run_we2e_coverage_tests'],92.08
1065,[develop] Fix failure on warm start option of SRW-AQM,chan-hoo,2024-03-29 18:00:45+00:00,2024-04-04 12:57:32+00:00,True,['run_we2e_coverage_tests'],138.95
1063,[develop] Replace existing UW CLI with UW API calls for template,elcarpenterNOAA,2024-03-26 15:43:57+00:00,2024-03-27 15:30:08+00:00,False,[],23.77
1062,[aqm_dev] Needed increase in get_extrn_ics and get_extrn_lbcs task memory ,drnimbusrain,2024-03-25 20:24:26+00:00,2024-03-27 12:51:30+00:00,True,[],40.45
1060,[SRW-AQM] Update AQM task scripts with those of production/aqm_dev branch,chan-hoo,2024-03-21 18:17:04+00:00,2024-03-27 13:44:48+00:00,True,['run_we2e_coverage_tests'],139.46
1059,[SRW-AQM] Updated spack-stack location for Hera Rocky8 and removed yafyaml.,drnimbusrain,2024-03-20 19:52:19+00:00,2024-03-20 19:58:18+00:00,True,[],0.1
1058,[develop] Feature/cicd metrics adds methods to collect resource usage data from major stages of the SRW pipeline build job,BruceKropp-Raytheon,2024-03-20 19:13:32+00:00,2024-04-15 15:42:58+00:00,True,"['enhancement', 'run_we2e_coverage_tests']",620.49
1056,[SRW-AQM] Needed update to the latest cmake module on Hera for Rocky8 update.,drnimbusrain,2024-03-20 14:46:57+00:00,2024-03-20 14:58:43+00:00,True,['bug'],0.2
1055,[develop] Bug fix for FV3_GFS_v17_p8 physics suite,EdwardSnyder-NOAA,2024-03-12 22:02:28+00:00,2024-03-15 20:46:39+00:00,True,['run_we2e_coverage_tests'],70.74
1054,[develop] Use uwtools instead of set_namelist,christinaholtNOAA,2024-03-12 18:13:58+00:00,2024-03-20 13:15:12+00:00,True,['run_we2e_coverage_tests'],187.02
1053,[Production/AQM.v7]  To merge the changes that are made to address the EE2 compliance issues for AQMv7 implementation,JianpingHuang-NOAA,2024-03-07 19:56:50+00:00,2024-03-07 20:39:35+00:00,True,[],0.71
1050,"[develop] Update weather model, UPP, and UFS_UTILS hashes",MichaelLueken,2024-03-06 14:33:17+00:00,2024-03-27 16:38:23+00:00,True,['run_we2e_coverage_tests'],506.08
1048,[develop] Expand forecast fields for metric test,EdwardSnyder-NOAA,2024-03-04 16:26:07+00:00,2024-03-14 17:23:07+00:00,True,['run_we2e_coverage_tests'],240.95
1047,[develop] Update for Gaea-c5,natalie-perlin,2024-02-27 05:15:10+00:00,2024-02-29 18:02:30+00:00,True,"['bug', 'enhancement', 'run_we2e_coverage_tests', 'run_we2e_jenkins_coverage_tests']",60.79
1046,[develop]: Add Contributor's Guide to documentation,gspetro-NOAA,2024-02-23 22:02:54+00:00,2024-03-01 21:45:40+00:00,True,['documentation'],167.71
1045,[develop] Jet switch from CentOS to Rocky,RatkoVasic-NOAA,2024-02-23 17:46:44+00:00,2024-03-13 14:11:21+00:00,True,"['enhancement', 'run_we2e_coverage_tests']",452.41
1043,[develop] Add three UFS Case Studies to WE2E testing process,EdwardSnyder-NOAA,2024-02-22 22:34:35+00:00,2024-02-28 15:33:23+00:00,True,['run_we2e_coverage_tests'],136.98
1042,[develop] Add integration test job,EdwardSnyder-NOAA,2024-02-20 20:13:09+00:00,2024-03-08 14:11:15+00:00,True,['run_we2e_coverage_tests'],401.97
1041,[develop] Changes for Rocky8 on Hera,RatkoVasic-NOAA,2024-02-20 14:30:12+00:00,2024-02-26 18:47:54+00:00,True,"['enhancement', 'run_we2e_coverage_tests']",148.29
1040,[develop] Fix sample script and WE2E test for AQM,chan-hoo,2024-02-19 18:04:42+00:00,2024-03-05 14:23:27+00:00,True,['run_we2e_coverage_tests'],356.31
1035,[production/AQM.v7] Update CODEOWNERS to reflect maintainer for production/AQM.v7 branch,BrianCurtis-NOAA,2024-02-16 15:02:36+00:00,2024-02-16 15:09:20+00:00,True,[],0.11
1034,[production/AQM.v7] Enhancing EE2 compliance for the AQMv7 package,JianpingHuang-NOAA,2024-02-16 14:02:46+00:00,2024-02-16 14:56:06+00:00,True,[],0.89
1018,[develop]: Update doc requirements and add logo,gspetro-NOAA,2024-02-13 22:18:15+00:00,2024-02-21 21:49:46+00:00,True,[],191.53
1014,[develop]: Quarterly Documentation Update (PI11),gspetro-NOAA,2024-02-08 16:39:08+00:00,2024-02-15 13:52:07+00:00,True,['documentation'],165.22
1012,[develop] Add -n 1 to allow the use of the service partition,MichaelLueken,2024-02-08 15:40:44+00:00,2024-02-09 20:36:44+00:00,True,['run_we2e_coverage_tests'],28.93
1009,Feature/aq mv7 release v11,JianpingHuang-NOAA,2024-02-07 14:55:54+00:00,2024-02-07 15:39:58+00:00,True,[],0.73
1008,Enhancing EE2 compliance in support of the AQMv7 implementation,JianpingHuang-NOAA,2024-02-02 22:12:16+00:00,2024-02-05 18:36:09+00:00,True,[],68.4
1005,[develop] Streamline SRW App's interface to MET/METplus,gsketefian,2024-01-22 21:36:00+00:00,2024-05-01 20:07:11+00:00,True,['run_we2e_coverage_tests'],2398.52
997,"[develop] Fixing several issues, including 966 (bash octal issue); add new winter weather verification test with staged data",mkavulich,2023-12-21 19:57:02+00:00,2024-01-11 15:11:12+00:00,True,['run_we2e_coverage_tests'],499.24
994,[develop] Integrate UW CLI tool for templater and remove external dependency.,christinaholtNOAA,2023-12-13 22:46:12+00:00,2024-01-11 14:19:26+00:00,True,['run_we2e_coverage_tests'],687.55
987,[production/AQM.v7] Enhance EE2 compliance ,JianpingHuang-NOAA,2023-12-08 13:24:03+00:00,2023-12-08 13:37:53+00:00,True,[],0.23
985,[aqm_dev] Fix NEXUS error of GFS files not found when MERRA2 is used,lwcugb,2023-12-04 17:12:10+00:00,2023-12-04 18:30:38+00:00,True,[],1.31
983,[production/AQM.v7] To improve AQMv7 package to meet NCO implementation stardards,JianpingHuang-NOAA,2023-12-01 16:56:59+00:00,2023-12-01 20:34:44+00:00,True,[],3.63
977,[develop] Fixing bug: moved placing fix_lam tests' directories from common place (ufs-srweather-app) to each tests' run directory.,RatkoVasic-NOAA,2023-11-27 17:24:59+00:00,2023-12-14 16:16:27+00:00,True,"['bug', 'run_we2e_coverage_tests']",406.86
976,[production/AQM.v7] EE2 fixes for Debug build.,BrianCurtis-NOAA,2023-11-21 16:04:56+00:00,2023-11-21 16:21:52+00:00,True,[],0.28
973,[develop] Verification upgrades and bug fixes,gsketefian,2023-11-15 23:54:14+00:00,2024-01-16 14:07:31+00:00,True,"['bug', 'enhancement', 'run_we2e_coverage_tests']",1478.22
969,[develop] Update SRW with spack-stack version 1.5.0 (from 1.4.1),RatkoVasic-NOAA,2023-11-14 16:50:33+00:00,2024-02-15 21:42:28+00:00,True,"['enhancement', 'run_we2e_coverage_tests', 'run_we2e_jenkins_coverage_tests']",2236.87
968,Feature/aq mv7 release v6,JianpingHuang-NOAA,2023-11-13 20:36:38+00:00,2023-12-18 13:05:25+00:00,False,[],832.48
965,[production/AQM.v7] Merge the changes to address NCO's review comments on AQMv7 delivery package partly,JianpingHuang-NOAA,2023-11-06 13:48:57+00:00,2023-11-06 14:42:06+00:00,True,[],0.89
963,[develop]: Merge relevant release documentation updates into develop,gspetro-NOAA,2023-11-02 15:35:02+00:00,2024-01-12 20:53:37+00:00,True,[],1709.31
959,[Production/AQM.v7] update run.ver and ex-script for fire,JianpingHuang-NOAA,2023-10-31 18:26:49+00:00,2023-10-31 18:50:16+00:00,True,[],0.39
958,[production/AQM.v7] update workflow for AQMv7 implementation,JianpingHuang-NOAA,2023-10-31 12:50:53+00:00,2023-10-31 14:35:25+00:00,True,[],1.74
957,[Production/AQM.v7] Update scripts and config files for ecflow,JianpingHuang-NOAA,2023-10-30 18:36:23+00:00,2023-10-30 18:53:45+00:00,True,[],0.29
956,"[Production/AQM.v7] Update config files for ecflow, ex-scripts for operational rave",JianpingHuang-NOAA,2023-10-30 11:50:19+00:00,2023-10-30 12:21:19+00:00,True,[],0.52
955,[production/AQM.v7] Remove extrn_ic/lbcs and nexus_gfs_sfc,chan-hoo,2023-10-27 13:25:48+00:00,2023-10-27 16:07:50+00:00,True,[],2.7
954,[AQM] Feature/emission backup,bbakernoaa,2023-10-26 14:07:22+00:00,2024-02-14 14:01:59+00:00,False,[],2663.91
953,[release/public-v2.2.0] Update MacOS configuration and compatibility ,natalie-perlin,2023-10-26 13:45:47+00:00,2023-10-31 17:49:37+00:00,True,"['bug', 'release', 'Priority: HIGH', 'run_we2e_coverage_tests']",124.06
952,[production/AQM.v7] AQM ecflow workflow EE2 review,lgannoaa,2023-10-23 18:32:44+00:00,2023-10-24 19:08:40+00:00,True,[],24.6
951,AQM ecflow workflow for running test parallel,lgannoaa,2023-10-20 19:09:39+00:00,2023-10-23 18:59:55+00:00,False,[],71.84
950,[release/public-v2.2.0]: Documentation Updates,gspetro-NOAA,2023-10-19 22:23:04+00:00,2023-10-30 20:38:33+00:00,True,"['documentation', 'release']",262.26
944,[develop] Add comprehensive.gaea-c5 test suite.,MichaelLueken,2023-10-16 19:47:44+00:00,2023-10-24 20:21:55+00:00,True,['run_we2e_coverage_tests'],192.57
941,[release/public-v2.2.0] spack-stack 1.4.1 integration for Gaea C5 platform,natalie-perlin,2023-10-13 04:39:39+00:00,2023-10-16 17:11:57+00:00,True,"['enhancement', 'release', 'run_we2e_coverage_tests']",84.54
940,[production/AQM.v7] Adding a capability for handling the cases of missing restart files to support AQMv7 IT test,JianpingHuang-NOAA,2023-10-13 03:59:32+00:00,2023-10-17 17:58:42+00:00,True,[],109.99
939,"[release/public-v2.2.0] Fix crontab bug for Cheyenne and Derecho, update PR template for new platforms",mkavulich,2023-10-11 03:12:37+00:00,2023-10-11 15:36:21+00:00,True,['release'],12.4
938,[develop] Build conda and environments in SRW.,christinaholtNOAA,2023-10-10 22:57:38+00:00,2023-11-29 18:39:26+00:00,True,['run_we2e_coverage_tests'],1195.7
937,[Release/public-v2.2.0] Update data paths to v2p2,EdwardSnyder-NOAA,2023-10-10 20:57:09+00:00,2023-10-17 19:23:18+00:00,True,"['release', 'run_we2e_coverage_tests']",166.44
936,[release/public-v2.2.0] Reactivate comprehensive tests and fix Hera GNU pipeline issues,MichaelLueken,2023-10-10 16:07:33+00:00,2023-10-11 20:09:26+00:00,True,"['bug', 'enhancement', 'release', 'run_we2e_coverage_tests']",28.03
935,[develop] Add Sonarqube stage to the Jenkinsfile for PLATFORM-926,MichaelLueken,2023-10-09 14:51:55+00:00,2023-10-13 20:00:19+00:00,True,"['enhancement', 'run_we2e_coverage_tests']",101.14
934,"[develop] Fix crontab bug for Cheyenne and Derecho, update PR template for new platforms",mkavulich,2023-10-07 04:26:28+00:00,2023-10-10 18:41:13+00:00,True,['run_we2e_coverage_tests'],86.25
931,[release/public-v2.2.0] Update Jenkinsfile and Jenkins test scripts to allow the simultaneous run of all tests on all machines,MichaelLueken,2023-10-06 18:32:31+00:00,2023-10-09 15:52:51+00:00,True,"['enhancement', 'release']",69.34
928,[develop]: Update SRW/physics FAQ,gspetro-NOAA,2023-10-05 22:33:32+00:00,2023-10-06 13:56:38+00:00,True,[],15.38
924,[develop] Add job cards for wrappers for individual machines and tasks,RatkoVasic-NOAA,2023-10-04 21:27:05+00:00,2023-12-05 14:33:52+00:00,True,"['enhancement', 'run_we2e_coverage_tests']",1481.11
921,[develop] Update Jenkinsfile to allow automated tests to run simultaneously on Orion/Hercules and Gaea/Gaea C5,MichaelLueken,2023-10-03 16:13:10+00:00,2023-10-09 15:51:36+00:00,True,"['enhancement', 'run_we2e_coverage_tests']",143.64
918,[production/AQM.v7] To address AQMv7 EE2 compliance and fix the failures associated with missing RAVE files,JianpingHuang-NOAA,2023-09-21 22:04:45+00:00,2023-10-03 10:11:00+00:00,True,[],276.1
917,[develop] Enable UPP 2d decomposition,MichaelLueken,2023-09-21 19:41:51+00:00,2024-02-21 20:54:42+00:00,True,['run_we2e_coverage_tests'],3673.21
915,[develop]: Update ConfigWorkflow chapter to HEAD of develop,gspetro-NOAA,2023-09-21 02:48:32+00:00,2023-10-05 13:20:41+00:00,True,[],346.54
914,"[develop] Bug fixes, documentation updates, general cleanup",mkavulich,2023-09-18 03:49:48+00:00,2023-09-20 13:03:57+00:00,True,['run_we2e_coverage_tests'],57.24
913,[develop] Replace hpc-stack with spack-stack,RatkoVasic-NOAA,2023-09-14 20:12:45+00:00,2023-10-06 16:22:28+00:00,True,['run_we2e_coverage_tests'],524.16
911,[develop] Adding Hercules as a Tier-1 platform,natalie-perlin,2023-09-12 11:48:33+00:00,2023-09-25 13:39:23+00:00,True,"['enhancement', 'run_we2e_coverage_tests']",313.85
907,[develop] Fix overwriting user-defined WRTCMP* values.,christinaholtNOAA,2023-09-08 20:24:46+00:00,2023-09-18 16:36:55+00:00,True,['run_we2e_coverage_tests'],236.2
906,"[develop] Component hash updates, FV3_HRRR namelist changes",mkavulich,2023-09-07 21:02:41+00:00,2023-09-14 13:23:36+00:00,True,['run_we2e_coverage_tests'],160.35
904,[develop] Re-arrange module list to fix failure on wcoss2,chan-hoo,2023-09-07 14:03:45+00:00,2023-09-07 19:23:53+00:00,True,[],5.34
902,[production/AQM.v7] Feature/rave rescaled,JianpingHuang-NOAA,2023-09-06 16:41:52+00:00,2023-09-08 12:00:35+00:00,True,[],43.31
901,[develop] Update spack-stack on noaacloud,EdwardSnyder-NOAA,2023-09-05 21:38:27+00:00,2023-09-15 20:46:46+00:00,True,['bug'],239.14
898,[develop] Add Gaea C5 to supported platforms,natalie-perlin,2023-09-05 13:27:25+00:00,2023-09-27 15:25:18+00:00,True,"['enhancement', 'run_we2e_coverage_tests']",529.96
894,"[develop] Changes for Derecho, a new platform",natalie-perlin,2023-08-23 09:38:51+00:00,2023-09-19 13:17:58+00:00,True,['run_we2e_coverage_tests'],651.65
893,[develop] Removing RRFS-related features.,christinaholtNOAA,2023-08-22 17:30:33+00:00,2023-09-14 13:32:37+00:00,True,['run_we2e_coverage_tests'],548.03
892,"[develop] Update UFS-WM, UFS_UTILS, and UPP hashes.",MichaelLueken,2023-08-21 18:52:00+00:00,2023-09-08 12:56:23+00:00,False,[],426.07
890,[develop] Feature/metric update,clouden90,2023-08-17 11:49:22+00:00,2023-08-18 21:25:30+00:00,True,"['enhancement', 'run_we2e_coverage_tests']",33.6
889,[develop] Update modulefiles to use hdf/1.14.0 and netcdf/4.9.2-based software stacks on Tier 1 systems,natalie-perlin,2023-08-16 13:38:47+00:00,2023-09-15 13:09:44+00:00,True,"['enhancement', 'Priority: HIGH', 'run_we2e_coverage_tests']",719.52
888,[develop]: Document process for changing number of vertical levels,gspetro-NOAA,2023-08-15 20:24:28+00:00,2023-09-06 16:10:15+00:00,True,['documentation'],523.76
883,[develop] Update wrapper scripts,EdwardSnyder-NOAA,2023-08-14 22:04:31+00:00,2023-08-24 19:12:22+00:00,True,"['bug', 'run_we2e_coverage_tests']",237.13
882,[develop] Update forecast metric test script,clouden90,2023-08-10 13:45:18+00:00,2023-08-14 16:23:24+00:00,True,"['bug', 'run_we2e_coverage_tests']",98.64
880,[develop]: User's Guide Updates,gspetro-NOAA,2023-08-08 18:57:30+00:00,2023-08-30 17:20:50+00:00,True,['documentation'],526.39
871,"[develop] Improvements for WE2E tests: script features, additional tests, remove unsupported domains",mkavulich,2023-07-28 03:52:52+00:00,2023-09-08 16:56:58+00:00,True,"['run_we2e_coverage_tests', 'run_we2e_jenkins_coverage_tests']",1021.07
870,[develop] fixes to enable stochastic physics,willmayfield,2023-07-28 03:33:11+00:00,2023-07-28 17:30:56+00:00,True,['run_we2e_coverage_tests'],13.96
869,[develop] Bugfix for Issue #867 (when `QUILTING` is set to `false`),gsketefian,2023-07-21 00:24:54+00:00,2023-07-26 19:54:51+00:00,True,"['bug', 'run_we2e_coverage_tests']",139.5
868,[develop] Bug fix for Issue #851 (renaming `NET` to `NET_default`),gsketefian,2023-07-20 18:49:06+00:00,2023-07-25 14:20:26+00:00,True,"['bug', 'run_we2e_coverage_tests']",115.52
864,[develop] Consolidate verification tasks using retrieve_data.py,mkavulich,2023-07-19 03:27:46+00:00,2023-08-15 20:54:03+00:00,True,"['run_we2e_coverage_tests', 'run_we2e_jenkins_coverage_tests']",665.44
859,[develop] Update the hashes of the UFS-WM and UFS_UTILS repositories,MichaelLueken,2023-07-11 16:58:42+00:00,2023-08-15 14:11:54+00:00,True,"['run_we2e_coverage_tests', 'run_we2e_jenkins_coverage_tests']",837.22
853,[develop] Add verification of snowfall accumulation,willmayfield,2023-07-06 18:57:21+00:00,2023-07-24 19:46:53+00:00,True,['run_we2e_coverage_tests'],432.83
852,[develop] Add a section to request specific reviewers in the PULL_REQUEST_TEMPLATE,MichaelLueken,2023-07-06 18:12:06+00:00,2023-07-11 17:00:19+00:00,False,[],118.8
849,[develop] bug fix for processing radar reflectivity task,EdwardSnyder-NOAA,2023-07-05 22:15:28+00:00,2023-09-06 13:20:13+00:00,True,['run_we2e_coverage_tests'],1503.08
847,[develop] Update Jenkinsfile to run post-build functional tests,BruceKropp-Raytheon,2023-06-29 23:02:22+00:00,2023-07-21 16:25:17+00:00,True,"['enhancement', 'Tested on Cheyenne', 'run_we2e_coverage_tests', 'run_we2e_jenkins_coverage_tests']",521.38
846,[develop] Add AQM to SRW user's guide,chan-hoo,2023-06-26 18:17:57+00:00,2023-06-28 15:14:19+00:00,True,['documentation'],44.94
844,[develop] Change conda env for AQM on Hera to shared one and fix input data issue on WCOSS2,chan-hoo,2023-06-24 18:38:30+00:00,2023-07-05 16:30:16+00:00,True,['run_we2e_coverage_tests'],261.86
842,[develop] Add ccpp-scm reference,clouden90,2023-06-23 15:02:47+00:00,2023-06-26 12:59:38+00:00,True,['documentation'],69.95
841,[production/AQM.v7] Bugfix/bias correction for Production/AQM.v7,JianpingHuang-NOAA,2023-06-22 19:52:50+00:00,2023-06-28 16:39:18+00:00,True,[],140.77
840,[develop] Add a WE2E test for AQM,chan-hoo,2023-06-22 12:56:52+00:00,2023-06-22 19:39:21+00:00,True,['run_we2e_coverage_tests'],6.71
836,[develop] update Gaea modulefile ,natalie-perlin,2023-06-15 15:56:31+00:00,2023-08-14 19:05:28+00:00,True,['run_we2e_coverage_tests'],1443.15
835,[develop] Bugfix/metric,clouden90,2023-06-14 20:36:30+00:00,2023-07-10 14:31:00+00:00,True,['bug'],617.91
833,[develop]: Updated exregional_get_obs scripts,michelleharrold,2023-06-14 15:44:18+00:00,2023-06-22 17:10:02+00:00,True,['run_we2e_coverage_tests'],193.43
832,"[develop] Change Jenkins test to build with ""all"" target.",christinaholtNOAA,2023-06-14 00:41:18+00:00,2023-06-30 13:00:06+00:00,True,['run_we2e_coverage_tests'],396.31
830,[develop] Integrate Unified Workflow tool set_config,christinaholtNOAA,2023-06-13 23:57:59+00:00,2023-07-06 15:15:16+00:00,False,[],543.29
828,[develop] Bring change of production/AQM.v7 back to develop,chan-hoo,2023-06-13 17:23:47+00:00,2023-06-29 16:59:06+00:00,True,['run_we2e_coverage_tests'],383.59
826,"[develop] MET_verification: use modules met, metplus ",natalie-perlin,2023-06-08 16:01:20+00:00,2023-08-09 13:16:03+00:00,True,"['documentation', 'enhancement', 'Work in Progress', 'Needs Cheyenne test', 'Needs Jet test', 'Needs Orion test', 'run_we2e_coverage_tests']",1485.25
822,[develop] Introduce test cases from ufs-case-studies platform thru WE2E ,clouden90,2023-06-05 14:37:56+00:00,2023-06-21 15:34:57+00:00,True,"['enhancement', 'run_we2e_coverage_tests']",384.95
821,[production/AQM.v7] Add ecFlow option to production branch for AQM,chan-hoo,2023-06-04 22:46:45+00:00,2023-06-08 19:28:25+00:00,True,[],92.69
820,[develop] Add modulefiles/tasks/cheyenne/run_vx.local.lua to allow fundamental tests to pass on Cheyenne,MichaelLueken,2023-06-02 18:37:08+00:00,2023-06-08 19:42:17+00:00,False,[],145.09
814,[develop] Updating RAP AWS test date.,christinaholtNOAA,2023-05-26 17:39:42+00:00,2023-05-26 18:29:24+00:00,False,[],0.83
813,[develop] Add option to change vertical coordinate file.,christinaholtNOAA,2023-05-25 21:24:48+00:00,2023-06-12 16:38:07+00:00,True,['run_we2e_coverage_tests'],427.22
812,[production/AQM.v7] Code merge for ecflow updates into the production/AQM.v7 #cf184119,lgannoaa,2023-05-25 17:57:14+00:00,2023-06-08 17:36:37+00:00,False,[],335.66
811,[develop] Adding support for FV3_RAP CCPP suite,mkavulich,2023-05-23 17:48:37+00:00,2023-06-15 15:11:59+00:00,True,['run_we2e_coverage_tests'],549.39
810,[develop] Fix retrieve data.,christinaholtNOAA,2023-05-23 13:43:37+00:00,2023-05-26 19:32:13+00:00,True,['run_we2e_coverage_tests'],77.81
809,[develop] Split EnsembleStat vx tasks into GenEnsProd and EnsembleStat,gsketefian,2023-05-23 06:59:32+00:00,2023-06-05 16:00:16+00:00,True,['run_we2e_coverage_tests'],321.01
807,[develop] Add workflow for radar reflectivity processing.,christinaholtNOAA,2023-05-19 19:22:43+00:00,2023-05-30 19:09:18+00:00,True,['run_we2e_coverage_tests'],263.78
804,[develop] Split aqm_all into aqm_prep and aqm_post,chan-hoo,2023-05-19 17:31:04+00:00,2023-06-12 15:47:58+00:00,True,['run_we2e_coverage_tests'],574.28
800,[develop] Update hashes of GSI and rrfs_utils,BenjaminBlake-NOAA,2023-05-17 15:59:57+00:00,2023-06-07 19:38:58+00:00,True,"['enhancement', 'help wanted', 'Work in Progress', 'run_we2e_coverage_tests']",507.65
799,[develop] Update WM and UPP hashes and minor rearrangement of WE2E coverage tests that fail on certain platforms,MichaelLueken,2023-05-15 20:42:16+00:00,2023-06-09 15:50:47+00:00,True,['run_we2e_coverage_tests'],595.14
793,[develop] Integrate Unified Workflow templater tool,christinaholtNOAA,2023-05-11 19:51:06+00:00,2023-06-09 16:34:28+00:00,True,"['run_we2e_coverage_tests', 'Tested on WCOSS2']",692.72
790,[develop] Fix failures on AQM and verification tasks and change structure of module files on WCOSS2,chan-hoo,2023-05-11 14:50:26+00:00,2023-05-17 13:34:36+00:00,True,"['bug', 'enhancement', 'run_we2e_coverage_tests']",142.74
788,[develop] Linting to the standard at pylint v2.16.,christinaholtNOAA,2023-05-11 00:03:21+00:00,2023-05-15 13:23:55+00:00,True,[],109.34
780,[develop] Add USE_USER_STAGED_EXTRN_FILES: true to WE2E configurations that are missing this variable,MichaelLueken,2023-05-08 15:55:54+00:00,2023-05-12 14:10:04+00:00,True,['run_we2e_coverage_tests'],94.24
778,[develop] Introduce DA data preprocessing to workflow,mkavulich,2023-05-08 00:58:00+00:00,2023-05-19 13:19:52+00:00,True,['run_we2e_coverage_tests'],276.36
777,[develop] Add more plotting WE2E tests,EdwardSnyder-NOAA,2023-05-05 21:33:10+00:00,2023-05-15 13:55:41+00:00,True,"['enhancement', 'run_we2e_coverage_tests']",232.38
776,[develop] Modify retrieve_data.py to check a url instead of download.,christinaholtNOAA,2023-05-05 16:20:46+00:00,2023-05-15 13:19:25+00:00,True,[],236.98
761,[develop] Remove redundancies in loading the run-time python environment.,christinaholtNOAA,2023-05-03 04:00:35+00:00,2023-05-05 14:27:33+00:00,True,['run_we2e_coverage_tests'],58.45
757,[develop] Add precipitation-type verification for MET,mkavulich,2023-05-02 03:52:36+00:00,2023-05-03 15:40:11+00:00,True,['run_we2e_coverage_tests'],35.79
746,[develop] Introducing forecast metrics into CI testing processes,clouden90,2023-04-27 03:55:08+00:00,2023-05-30 20:13:40+00:00,True,"['enhancement', 'run_we2e_coverage_tests']",808.31
745,[develop] Bugfix find task function in setup.py,danielabdi-noaa,2023-04-26 23:28:01+00:00,2023-05-01 15:27:21+00:00,True,"['bug', 'run_we2e_coverage_tests']",111.99
744,[develop] Input namelist related changes needed for RRFS,danielabdi-noaa,2023-04-26 13:05:27+00:00,2023-05-16 13:34:01+00:00,True,['run_we2e_coverage_tests'],480.48
740,[develop] Update modulefiles to use spack-stack unified environment,ulmononian,2023-04-21 18:56:25+00:00,2023-10-02 18:43:02+00:00,False,"['enhancement', 'help wanted', 'Work in Progress']",3935.78
739,Testing changes to Jenkins pipeline to ensure that feedback is received in PR,MichaelLueken,2023-04-21 13:42:55+00:00,2023-04-21 18:04:37+00:00,False,['run_we2e_coverage_tests'],4.36
738,[develop] Update documentation for Rocoto XML changes,christinaholtNOAA,2023-04-19 03:40:36+00:00,2023-05-15 13:14:27+00:00,True,['documentation'],633.56
737,Update Jenkinsfile to only run WE2E tests on Hera and Cheyenne to test replacing @ with _ in Jenkins path,MichaelLueken,2023-04-18 14:45:46+00:00,2023-04-18 15:27:57+00:00,False,['jenkins_test'],0.7
736,[develop] Add ufs-case-study data options,clouden90,2023-04-17 19:29:01+00:00,2023-04-25 13:53:26+00:00,True,"['enhancement', 'run_we2e_coverage_tests']",186.41
735,Update Jenkinsfile to test new Jenkins sandbox pipeline.,MichaelLueken,2023-04-17 16:45:36+00:00,2023-04-18 13:10:38+00:00,False,['jenkins_test'],20.42
732,[develop] Round 2 of overhaul to WE2E test suites (and other test improvements!),mkavulich,2023-04-17 06:27:51+00:00,2023-04-26 19:39:22+00:00,True,"['run_we2e_coverage_tests', 'jenkins_test']",229.19
729,[develop] Added environment variable LDFLAGS on macOS as requested by the corresponding module file,ywangwof,2023-04-13 20:53:52+00:00,2023-05-01 16:11:08+00:00,True,"['enhancement', 'run_we2e_coverage_tests']",427.29
728,[develop] Move all unittest tests to a common area.,christinaholtNOAA,2023-04-13 00:23:35+00:00,2023-05-08 15:28:14+00:00,True,"['run_we2e_coverage_tests', 'jenkins_test']",615.08
725,[develop] Add a workflow for the data assimilation preprocessing tasks.,christinaholtNOAA,2023-04-12 00:00:19+00:00,2023-05-01 13:50:03+00:00,False,[],469.83
722,[develop] Fix issues on AQM and NCO mode caused by new YAML interface PR #676,chan-hoo,2023-04-10 22:15:56+00:00,2023-04-25 17:38:33+00:00,True,"['bug', 'Priority: HIGH', 'run_we2e_coverage_tests']",355.38
721,[develop] Integrate jinja-templated workflow and add some rrfs workflow files.,danielabdi-noaa,2023-04-10 21:20:30+00:00,2023-04-10 21:49:29+00:00,False,[],0.48
720,[develop] Reactivate Jenkins automated testing on Hera,MichaelLueken,2023-04-10 18:23:31+00:00,2023-04-11 14:11:50+00:00,True,['run_we2e_coverage_tests'],19.81
718,[develop] Add GDAS nemsio data type for initial conditions,EdwardSnyder-NOAA,2023-04-10 15:57:20+00:00,2023-04-19 20:27:36+00:00,True,"['enhancement', 'run_we2e_coverage_tests']",220.5
715,[develop]: Fix a bug in devbuild.sh with a case statement,ywangwof,2023-04-06 23:01:42+00:00,2023-04-07 14:03:57+00:00,True,['bug'],15.04
714,[develop] Return Jet to Jenkinsfile.,MichaelLueken,2023-04-05 20:10:20+00:00,2023-04-07 13:34:10+00:00,True,['run_we2e_coverage_tests'],41.4
708,[develop] Point source pre-combine,zmoon,2023-03-31 17:07:58+00:00,2023-04-07 14:43:22+00:00,True,"['enhancement', 'Tested on Hera', 'run_we2e_coverage_tests']",165.59
707,[develop] cicd functional testing script ,BruceKropp-Raytheon,2023-03-30 22:25:41+00:00,2023-04-26 19:06:26+00:00,True,['enhancement'],644.68
706,[develop] Change the build log output file extension from log to txt in prod bucket,BruceKropp-Raytheon,2023-03-30 18:13:08+00:00,2023-04-03 16:43:14+00:00,False,['run_we2e_coverage_tests'],94.5
704,[develop] Bug fix for broken symlink in verification test directory,mkavulich,2023-03-29 18:18:14+00:00,2023-03-31 15:03:41+00:00,False,['run_we2e_coverage_tests'],44.76
703,Update Jenkinsfile to test S3 bucket dump,MichaelLueken,2023-03-29 14:48:52+00:00,2023-03-29 18:01:54+00:00,False,['run_we2e_coverage_tests'],3.22
702,[develop] Updating S3 artifact bucket to point to new OAR account,kbooker79,2023-03-28 16:28:29+00:00,2023-03-29 13:38:08+00:00,True,['run_we2e_coverage_tests'],21.16
701,[develop] Add jinja templating to all config file formats.,danielabdi-noaa,2023-03-28 03:02:10+00:00,2023-05-17 19:56:06+00:00,False,"['run_we2e_coverage_tests', 'DO_NOT_MERGE']",1216.9
699,[develop] Update ufs-weather-model and UPP hash to correct post control file issue,MichaelLueken,2023-03-27 16:40:35+00:00,2023-03-29 14:23:55+00:00,True,['run_we2e_coverage_tests'],45.72
698,Set up quick test PR for Jenkins,MichaelLueken,2023-03-27 16:04:58+00:00,2023-03-27 17:04:56+00:00,False,['run_we2e_coverage_tests'],1.0
695,[develop] Split EnsembleStat tasks into GenEnsProd and EnsembleStat,gsketefian,2023-03-24 14:49:50+00:00,2023-05-20 00:08:01+00:00,False,[],1353.3
694,[develop] Fix forecast failures for GFS_v16 at 3km,christinaholtNOAA,2023-03-23 15:43:20+00:00,2023-03-28 13:47:48+00:00,True,"['bug', 'run_we2e_coverage_tests']",118.07
